service,service_slug,city,city_slug,country,locale,currency,price_from,response_time,areas_served,local_intro,local_insight,faq_1_q,faq_1_a,faq_2_q,faq_2_a
Commercial Cleaning,commercial-cleaning,Dubai,dubai,United Arab Emirates,en-ae,AED,1200,Same day in most areas,"Business Bay, DIFC, JLT, Al Quoz, Dubai Silicon Oasis","Offices in Dubai's free zones and business districts often run extended hours, so most of our Dubai contracts are scheduled as early-morning or after-hours shifts that avoid disrupting staff.","Fine sand and dust are the biggest challenge for Dubai premises, especially during the summer months. Our Dubai plans add weekly high-level dusting and AC vent wipe-downs that are not needed in most other markets.",Do you clean offices in Dubai free zones?,"Yes. We regularly service offices in free zones such as DIFC, JLT and Dubai Silicon Oasis and can coordinate access passes with building management.",Can cleaning be scheduled outside office hours in Dubai?,"Yes. Most Dubai clients choose early-morning shifts before 8am or evening shifts after 7pm, including weekends."
Commercial Cleaning,commercial-cleaning,Abu Dhabi,abu-dhabi,United Arab Emirates,en-ae,AED,1300,Next business day,"Al Reem Island, Khalifa City, Mussafah, Corniche","Many Abu Dhabi clients are government-facing offices and clinics with strict hygiene documentation, so every Abu Dhabi visit includes a signed checklist and photo log.","Industrial units in Mussafah need heavy-duty floor degreasing, while Corniche and Al Reem offices mainly need glass and high-touch surface care. We price the two separately.",Do you provide cleaning reports for audits in Abu Dhabi?,"Yes. Each visit produces a signed checklist and time-stamped photos that can be shared with facility managers or auditors.",Do you cover industrial areas like Mussafah?,"Yes. Mussafah warehouses and workshops are covered with a separate heavy-duty plan that includes floor degreasing."
Commercial Cleaning,commercial-cleaning,Sharjah,sharjah,United Arab Emirates,en-ae,AED,1000,Same day for contract clients,"Al Majaz, Al Nahda, Industrial Area, Muwaileh","Sharjah clients are often a mix of retail showrooms and warehouses in the Industrial Area, so our Sharjah teams carry equipment for both shop-floor and warehouse cleaning on the same route.","Because many Sharjah businesses operate six days a week, we offer Sunday and Friday-afternoon slots that are rarely requested elsewhere.",Do you clean warehouses in Sharjah Industrial Area?,"Yes. Warehouse cleaning in the Industrial Area includes racking dust removal, floor scrubbing and loading bay cleaning.",Are weekend cleaning slots available in Sharjah?,"Yes. Friday-afternoon and Sunday slots are available for Sharjah contract clients."
Commercial Cleaning,commercial-cleaning,Riyadh,riyadh,Saudi Arabia,en-sa,SAR,1400,Within 24 hours,"Olaya, King Abdullah Financial District, Al Malqa, Al Sulay","Riyadh's office market has grown quickly around KAFD and the northern districts, and many new buildings need post-fit-out deep cleans before move-in. We offer this as a one-off service ahead of a regular contract.","Riyadh's dry climate means dust settles fast on hard floors and glass, so our Riyadh plans include more frequent dry mopping and window cleaning than our coastal-city plans.",Do you offer post-fit-out cleaning in Riyadh?,"Yes. We provide one-off post-construction and fit-out cleans for new offices in KAFD, Olaya and the northern districts.",How often should offices in Riyadh be cleaned?,"Most Riyadh offices choose daily light cleaning with a weekly deep clean of floors and glass because of the dusty climate."
Commercial Cleaning,commercial-cleaning,Jeddah,jeddah,Saudi Arabia,en-sa,SAR,1300,Within 24 hours,"Al Rawdah, Al Hamra, Al Balad, Industrial City","Humidity in Jeddah creates different issues from inland cities. Our Jeddah teams focus on mould prevention in washrooms, kitchens and AC areas.","Retail clients near the Corniche and Al Balad see seasonal peaks around holidays and events, so we offer flexible extra visits that can be booked at short notice during busy periods.",Do you handle mould prevention in Jeddah offices?,"Yes. Jeddah plans include anti-mould treatment in washrooms, pantries and around AC units because of the coastal humidity.",Can I add extra visits during busy seasons in Jeddah?,"Yes. Contract clients in Jeddah can book additional visits at short notice during peak retail periods."
AC Maintenance,ac-maintenance,Dubai,dubai,United Arab Emirates,en-ae,AED,450,Emergency call-outs within 4 hours,"Business Bay, Downtown, JLT, Al Barsha","In Dubai, AC systems run almost all year, so preventive maintenance every three months is the norm rather than the exception for offices and retail units.","Sand build-up on outdoor condenser units is the most common cause of efficiency loss we see in Dubai. Every Dubai service includes coil cleaning on the outdoor units.",How often should AC units be serviced in Dubai?,"For commercial premises in Dubai we recommend a service every three months, with a full duct clean once a year.",Do you offer emergency AC repairs in Dubai?,"Yes. Contract clients in Dubai get emergency call-outs, typically within four hours."
AC Maintenance,ac-maintenance,Riyadh,riyadh,Saudi Arabia,en-sa,SAR,500,Emergency call-outs within 6 hours,"Olaya, Al Malqa, Al Yasmin, Al Sulay","Summer temperatures in Riyadh regularly push AC systems to their limits, so our Riyadh contracts schedule a full system check before the peak summer months.","Dust storms in Riyadh clog filters quickly. We include extra filter replacements after major dust events at no additional call-out charge for contract clients.",When is the best time to service AC in Riyadh?,"Ideally in spring, before peak summer temperatures, followed by regular checks through the summer.",Do you replace filters after dust storms in Riyadh?,"Yes. Contract clients get filter checks and replacements after major dust events without an extra call-out charge."
Commercial Cleaning,commercial-cleaning,London,london,United Kingdom,en-gb,GBP,350,Within 48 hours,"City of London, Canary Wharf, Shoreditch, King's Cross","London offices increasingly run hybrid working patterns, so many clients move from daily cleaning to cleaning on their two or three busiest office days.","Older buildings in the City and Shoreditch often have carpets and period features that need specialist care, which we quote separately from standard hard-floor cleaning.",Can you clean only on our office days in London?,"Yes. Many London clients book cleaning on their two or three in-office days to match hybrid working patterns.",Do you clean listed or older buildings in London?,"Yes. We use suitable products and methods for older buildings and quote specialist carpet and surface care separately."
Pest Control,pest-control,Dubai,dubai,United Arab Emirates,en-ae,AED,350,Within 24 hours,,,,,,,
